Date,AAPL,MSFT,GOOGL,AMZN,TSLA,JPM,V,JNJ,WMT,XOM
2022-01-03,178.2703094482422,323.8984069824219,143.90420532226562,170.4044952392578,399.9266662597656,145.58326721191406,214.8561553955078,152.5768585205078,45.765419006347656,55.12523651123047
2022-01-04,176.00779724121094,318.3445129394531,143.316650390625,167.52200317382812,383.1966552734375,151.10226440429688,215.8555450439453,152.167724609375,44.926979064941406,57.19872283935547
2022-01-05,171.32601928710938,306.1239013671875,136.74180603027344,164.35699462890625,362.7066650390625,148.3397674560547,213.46859741210938,153.18170166015625,45.53444290161133,57.91012191772461
2022-01-06,168.46600341796875,303.7049865722656,136.71450805664062,163.25399780273438,354.8999938964844,149.91580200195312,213.2260284423828,152.65692138671875,45.40789031982422,59.27220916748047
2022-01-07,168.63250732421875,303.8597106933594,135.989501953125,162.5540008544922,342.32000732421875,151.4011688232422,210.5188446044922,154.72044372558594,45.841339111328125,59.7580451965332
2022-01-10,168.65211486816406,304.0822448730469,137.62960815429688,161.48599243164062,352.7066650390625,151.54611206054688,205.677001953125,153.95550537109375,45.75276184082031,59.4023323059082
2022-01-11,171.4827423095703,304.7692565917969,138.68812561035156,165.36199951171875,354.79998779296875,151.7000732421875,208.0154571533203,152.31893920898438,45.62303161621094,61.90092849731445
2022-01-12,171.92340087890625,307.9525146484375,140.369873046875,165.20700073242188,368.739990234375,152.5605010986328,209.30596923828125,151.0203094482422,45.38257598876953,61.71874237060547
2022-01-13,168.65211486816406,294.919189453125,137.5477294921875,161.21400451660156,343.85333251953125,152.37026977539062,208.61703491210938,150.1041717529297,46.02485656738281,61.27629470825195
2022-01-14,169.5139923095703,300.1442565917969,138.4345245361328,162.13800048828125,349.8699951171875,143.00509643554688,208.29681396484375,149.28590393066406,45.8951301574707,62.35206604003906
2022-01-18,166.31117248535156,292.8389587402344,134.9781494140625,158.91749572753906,343.5033264160156,137.00917053222656,209.30596923828125,148.62770080566406,45.09150695800781,63.40184020996094
2022-01-19,162.81451416015625,293.4969482421875,134.10325622558594,156.2989959716797,331.8833312988281,134.88975524902344,208.3065643310547,148.1651611328125,45.54077911376953,63.427833557128906
2022-01-20,161.1298828125,291.8230285644531,132.30780029296875,151.66749572753906,332.0899963378906,133.739501953125,207.98635864257812,146.98220825195312,44.680206298828125,63.5666618347168
2022-01-21,159.07302856445312,286.43359375,129.37399291992188,142.64300537109375,314.6333312988281,131.40272521972656,199.81629943847656,146.64418029785156,44.35432434082031,62.61233139038086
2022-01-24,158.2992706298828,286.76251220703125,129.82308959960938,144.54400634765625,310.0,131.28497314453125,195.8574676513672,144.95425415039062,44.35749053955078,63.150238037109375
2022-01-25,156.4970703125,279.137939453125,125.98310852050781,139.98599243164062,306.1333312988281,132.71603393554688,196.00302124023438,149.09909057617188,43.39250564575195,65.00682067871094
2022-01-26,156.40890502929688,287.0915222167969,128.26388549804688,138.87249755859375,312.4700012207031,133.97499084472656,199.75808715820312,149.76617431640625,42.94956588745117,64.34748840332031
2022-01-27,155.94854736328125,290.12005615234375,128.03759765625,139.6374969482422,276.3666687011719,131.6110382080078,200.02978515625,151.73187255859375,42.97803497314453,65.17166137695312
2022-01-28,166.83029174804688,298.2671203613281,132.35101318359375,143.97799682617188,282.1166687011719,132.7885284423828,221.23110961914062,152.7991943359375,43.50956726074219,65.31047821044922
2022-01-31,171.1888885498047,300.89892578125,134.28884887695312,149.57350158691406,312.239990234375,134.5908966064453,219.45542907714844,153.2439422607422,44.234100341796875,65.90042114257812
2022-02-01,171.0223846435547,298.7508850097656,136.61180114746094,151.19349670410156,310.4166564941406,136.9004669189453,225.46165466308594,151.98983764648438,44.582122802734375,70.12548065185547
2022-02-02,172.22711181640625,303.2985534667969,146.89015197753906,150.6125030517578,301.88665771484375,135.80458068847656,228.43080139160156,153.67086791992188,44.563140869140625,69.94328308105469
2022-02-03,169.3474578857422,291.48431396484375,142.01695251464844,138.8455047607422,297.0466613769531,134.68142700195312,224.6659698486328,153.6619873046875,44.60742950439453,69.12776184082031
2022-02-04,169.06309509277344,296.0223083496094,142.2184295654297,157.63949584960938,307.7733459472656,138.1775360107422,221.60951232910156,152.65692138671875,44.08223342895508,70.62866973876953
2022-02-07,168.3472137451172,291.194091796875,138.15713500976562,157.9355010986328,302.4466552734375,138.6394805908203,220.41603088378906,152.1499481201172,43.64877700805664,71.47888946533203
2022-02-08,171.45602416992188,294.6870422363281,138.35362243652344,161.4134979248047,307.3333435058594,141.24795532226562,221.17288208007812,152.5501708984375,43.658267974853516,69.63096618652344
2022-02-09,172.8780517578125,301.1214599609375,140.53018188476562,161.1894989013672,310.6666564941406,141.8367156982422,224.01585388183594,152.5323944091797,43.56336212158203,69.29763793945312
2022-02-10,168.79830932617188,292.5777282714844,137.5804901123047,159.0034942626953,301.51666259765625,141.24795532226562,219.24879455566406,150.6912384033203,43.053977966308594,68.6309814453125
2022-02-11,165.3854522705078,285.4757080078125,133.27549743652344,153.2935028076172,286.6666564941406,139.40936279296875,218.37408447265625,149.17027282714844,42.81668472290039,70.3590087890625
2022-02-14,165.62083435058594,285.4369812011719,134.50965881347656,155.16700744628906,291.9200134277344,138.1141815185547,219.0058135986328,147.29351806640625,42.380069732666016,69.28008270263672
2022-02-15,169.4553680419922,290.7296447753906,135.5840606689453,156.510498046875,307.4766540527344,140.13392639160156,221.41607666015625,148.81448364257812,42.51294708251953,68.41167449951172
2022-02-16,169.22000122070312,290.39031982421875,136.70510864257812,158.10049438476562,307.7966613769531,140.3875274658203,222.38796997070312,148.7255401611328,42.2471809387207,68.72747039794922
2022-02-17,165.62083435058594,281.8870544433594,131.54507446289062,154.65249633789062,292.1166687011719,137.15406799316406,218.2963104248047,147.81826782226562,43.939849853515625,68.62220764160156
2022-02-18,164.0713348388672,279.1721496582031,129.42510986328125,152.60150146484375,285.6600036621094,137.79714965820312,216.43026733398438,146.23387145996094,43.658267974853516,67.85905456542969
2022-02-22,161.1488494873047,278.96856689453125,128.84002685546875,150.19749450683594,273.84332275390625,137.5526123046875,215.09881591796875,144.2466278076172,43.1710319519043,67.06959533691406
2022-02-23,156.98086547851562,271.7451477050781,126.6312026977539,144.82699584960938,254.67999267578125,134.67242431640625,209.87974548339844,144.31820678710938,42.72809982299805,67.34149932861328
2022-02-24,159.59934997558594,285.6296691894531,131.69593811035156,151.35800170898438,266.92333984375,130.9226837158203,211.19180297851562,141.5610809326172,42.563575744628906,66.49063873291016
2022-02-25,161.66860961914062,288.2669677734375,133.451171875,153.7884979248047,269.9566650390625,134.02029418945312,213.10641479492188,148.59707641601562,43.14889144897461,68.28009796142578
2022-02-28,161.93338012695312,289.70184326171875,134.04420471191406,153.56300354003906,290.1433410644531,128.4319610595703,210.04495239257812,147.31700134277344,42.76289367675781,68.78886413574219
2022-03-01,160.0504608154297,285.9786682128906,133.05615234375,151.14199829101562,288.1233215332031,123.58631134033203,203.09593200683594,146.80674743652344,43.0255012512207,69.4467544555664
2022-03-02,163.34561157226562,291.059326171875,133.5623321533203,152.05250549316406,293.2966613769531,126.1495132446289,202.6197509765625,148.63287353515625,43.079280853271484,70.63973236083984
2022-03-03,163.02198791503906,286.9192199707031,132.89540100097656,147.89849853515625,279.7633361816406,125.25285339355469,201.4048614501953,150.81710815429688,44.069576263427734,71.08709716796875
2022-03-04,160.0210418701172,281.04345703125,130.9173126220703,145.64100646972656,279.42999267578125,121.72957611083984,194.6599578857422,151.71224975585938,45.18642044067383,73.76250457763672
2022-03-07,156.2257080078125,270.42657470703125,125.4307861328125,137.4530029296875,268.1933288574219,117.02886962890625,185.33950805664062,154.1560516357422,44.82257843017578,76.42037200927734
2022-03-08,154.40164184570312,267.4596862792969,126.15133666992188,136.01449584960938,274.79998779296875,116.20465087890625,186.32110595703125,151.03192138671875,43.895565032958984,76.99931335449219
2022-03-09,159.80531311035156,279.7248840332031,132.4194793701172,139.2790069580078,286.3233337402344,120.8600845336914,194.1448211669922,151.60482788085938,44.12336349487305,72.6221694946289
2022-03-10,155.46075439453125,276.90338134765625,131.4364013671875,146.8175048828125,279.4333190917969,119.42904663085938,192.40516662597656,151.87339782714844,45.12630844116211,74.87653350830078
2022-03-11,151.74391174316406,271.55126953125,128.8966064453125,145.52450561523438,265.1166687011719,116.73902893066406,191.18055725097656,151.59588623046875,44.94912338256836,74.49056243896484
2022-03-14,147.71324157714844,268.0317077636719,125.00648498535156,141.85299682617188,255.4566650390625,117.89835357666016,194.69882202148438,153.69053649902344,45.575584411621094,71.82393646240234
2022-03-15,152.0969696044922,278.4159851074219,128.2291259765625,147.3665008544922,267.2966613769531,119.99058532714844,200.34547424316406,157.67404174804688,46.12293243408203,67.73623657226562
2022-03-16,156.51011657714844,285.4356994628906,132.28102111816406,153.10400390625,280.07666015625,125.35250091552734,205.9144287109375,156.223876953125,45.98687744140625,67.48184204101562
2022-03-17,157.52024841308594,286.2404479980469,132.83534240722656,157.23899841308594,290.5333251953125,126.93749237060547,207.4500274658203,158.2648468017578,46.056758880615234,69.28008270263672
2022-03-18,160.81541442871094,291.2920227050781,135.1046600341797,161.25050354003906,301.7966613769531,126.89220428466797,212.95094299316406,156.5102996826172,46.19333267211914,69.00817108154297
2022-03-21,162.1884002685547,290.06060791015625,135.0808563232422,161.4915008544922,307.0533447265625,126.48464965820312,210.9390869140625,157.39654541015625,45.809024810791016,72.10462188720703
2022-03-22,165.56199645996094,294.81158447265625,138.81912231445312,164.88900756835938,331.32666015625,129.17462158203125,212.3289031982422,156.65354919433594,45.67245101928711,71.78884887695312
2022-03-23,166.92518615722656,290.3805236816406,137.23855590820312,163.4080047607422,333.03668212890625,126.60236358642578,208.64544677734375,156.062744140625,45.08486557006836,72.92040252685547
2022-03-24,170.710693359375,294.8503723144531,140.51034545898438,163.64950561523438,337.97332763671875,127.4266357421875,211.20150756835938,156.86837768554688,45.36436462402344,73.13970184326172
2022-03-25,171.34814453125,294.4431457519531,140.61058044433594,164.77349853515625,336.8800048828125,128.54061889648438,212.29002380371094,158.37225341796875,45.5612907409668,74.73617553710938
2022-03-28,172.21116638183594,301.2496337890625,140.3946990966797,168.99049377441406,363.9466552734375,127.5896224975586,214.5642547607422,159.18685913085938,46.37118911743164,72.63971710205078
2022-03-29,175.50633239746094,305.8163757324219,141.43685913085938,169.31500244140625,366.5233459472656,127.87042999267578,221.70765686035156,159.1063232421875,46.76185607910156,72.2537612915039
2022-03-30,174.3393096923828,304.3134460449219,140.8740997314453,166.30099487304688,364.663330078125,127.29074096679688,217.65489196777344,160.76235961914062,47.600345611572266,73.49056243896484
2022-03-31,171.240234375,298.9322509765625,138.02462768554688,162.99749755859375,359.20001220703125,123.46858215332031,215.5361328125,158.64979553222656,47.298614501953125,72.44671630859375
2022-04-01,170.94606018066406,300.008544921875,139.0994873046875,163.55999755859375,361.5299987792969,122.55377960205078,219.9971160888672,159.50909423828125,47.9624137878418,72.91162872314453
2022-04-04,174.996337890625,305.3897399902344,141.8993377685547,168.34649658203125,381.8166809082031,123.09719848632812,221.3383331298828,157.96945190429688,47.97195053100586,72.94671630859375
2022-04-05,171.68157958984375,301.42413330078125,139.5366973876953,164.05499267578125,363.7533264160156,121.6646957397461,219.73472595214844,158.9899444580078,48.108524322509766,72.56953430175781
2022-04-06,168.513916015625,290.39031982421875,135.52401733398438,158.75599670410156,348.586669921875,119.97669219970703,212.8537139892578,163.12559509277344,49.22651290893555,73.37654876708984
2022-04-07,168.8179168701172,292.2033996582031,134.8694610595703,157.7845001220703,352.4200134277344,119.61170196533203,210.0740966796875,162.704833984375,49.71882247924805,74.60459899902344
2022-04-08,166.80746459960938,287.93731689453125,132.28797912597656,154.4604949951172,341.8299865722656,121.80156707763672,210.88076782226562,163.02711486816406,49.99513626098633,76.17476654052734
2022-04-11,162.55123901367188,276.58343505859375,127.85743713378906,151.1219940185547,325.30999755859375,121.35444641113281,208.71347045898438,160.98614501953125,49.004180908203125,73.5519790649414
2022-04-12,164.4243927001953,273.480712890625,126.75675201416016,150.78750610351562,328.98333740234375,120.0223159790039,205.4576416015625,161.03982543945312,48.66752243041992,75.08705139160156
2022-04-13,167.11148071289062,278.8716125488281,128.919921875,155.54100036621094,340.7900085449219,116.15357208251953,207.2750701904297,161.72018432617188,49.93478775024414,76.1484603881836
2022-04-14,162.10011291503906,271.31866455078125,125.77964782714844,151.7064971923828,328.3333435058594,115.07688903808594,206.80859375,161.03982543945312,49.890316009521484,77.04316711425781
2022-04-18,161.8843994140625,271.9875793457031,126.71903991699219,152.78500366210938,334.7633361816406,117.21199035644531,207.17788696289062,159.0347137451172,49.50918960571289,77.67476654052734
2022-04-19,164.1693878173828,276.62213134765625,129.03404235839844,158.11549377441406,342.7166748046875,119.63908386230469,209.63677978515625,163.886474609375,50.071353912353516,76.98176574707031
2022-04-20,164.00267028808594,277.64996337890625,127.07981872558594,153.9980010986328,325.73333740234375,120.0588150024414,211.66802978515625,164.61154174804688,50.700225830078125,77.1572265625
2022-04-21,163.20831298828125,272.26873779296875,123.87850189208984,148.29600524902344,336.260009765625,119.12811279296875,210.36570739746094,164.13710021972656,50.776451110839844,76.3414306640625
2022-04-22,158.66766357421875,265.69500732421875,118.73834228515625,144.35000610351562,335.01666259765625,115.70646667480469,202.3184356689453,162.50791931152344,49.82045364379883,74.67476654052734
2022-04-25,159.7366485595703,272.1815490722656,122.15106201171875,146.07400512695312,332.67333984375,115.66996002197266,204.0483856201172,166.50927734375,49.84585189819336,72.15726470947266
2022-04-26,153.7740020751953,262.00091552734375,117.7602310180664,139.39100646972656,292.1400146484375,112.24832153320312,195.44717407226562,165.31869506835938,49.324981689453125,72.1835708618164
2022-04-27,153.5484161376953,274.6054992675781,113.4374008178711,138.16700744628906,293.836669921875,110.78840637207031,208.0914764404297,163.0092315673828,48.988304138183594,74.24494934082031
2022-04-28,160.48194885253906,280.82049560546875,117.6336898803711,144.59649658203125,292.5033264160156,112.54029846191406,214.45736694335938,164.2266387939453,49.61399841308594,76.49054718017578
2022-04-29,154.6075439453125,269.07879638671875,113.25377655029297,124.28150177001953,290.2533264160156,108.90879821777344,207.1390380859375,161.5411376953125,48.59128952026367,74.78003692626953
2022-05-02,154.91159057617188,275.8174133300781,115.70873260498047,124.5,300.9800109863281,109.9033432006836,205.583984375,159.91195678710938,48.270511627197266,75.79757690429688
2022-05-03,156.40223693847656,273.209228515625,116.45410919189453,124.25350189208984,303.0833435058594,112.25743865966797,202.69747924804688,159.59861755371094,48.438838958740234,77.35895538330078
2022-05-04,162.8160400390625,281.1598205566406,121.34416198730469,125.92849731445312,317.5400085449219,115.97107696533203,208.48995971679688,161.3083953857422,49.10900115966797,80.43789672851562
2022-05-05,153.74452209472656,268.9139709472656,115.63182067871094,116.40699768066406,291.09332275390625,113.06950378417969,199.47076416015625,158.22903442382812,48.68822479248047,79.21859741210938
2022-05-06,154.4713134765625,266.3737487792969,114.87850952148438,114.77249908447266,288.54998779296875,112.88702392578125,197.1188201904297,157.87989807128906,47.674564361572266,80.42910766601562
2022-05-09,149.34454345703125,256.53240966796875,111.66727447509766,108.78900146484375,262.3699951171875,111.18989562988281,187.57485961914062,158.73927307128906,48.23240280151367,74.0870590209961
2022-05-10,151.75079345703125,261.302734375,113.53713989257812,108.85900115966797,266.67999267578125,108.47994232177734,188.1385498046875,158.52444458007812,47.55341720581055,74.57828521728516
2022-05-11,143.88385009765625,252.62503051757812,112.7505874633789,105.37200164794922,244.6666717529297,107.7956314086914,191.1903076171875,157.66510009765625,47.056156158447266,76.13091278076172
2022-05-12,140.01419067382812,247.58319091796875,111.99777221679688,106.93049621582031,242.6666717529297,107.70438385009766,188.8776397705078,159.22267150878906,47.01152038574219,76.47652435302734
2022-05-13,144.4829559326172,253.17767333984375,115.18023681640625,113.05500030517578,256.5299987792969,108.66242980957031,193.99954223632812,158.30963134765625,47.19321060180664,78.74510955810547
2022-05-16,142.94097900390625,253.54612731933594,113.5867691040039,110.81050109863281,241.4566650390625,107.90510559082031,192.61683654785156,159.41064453125,47.244224548339844,80.59721374511719
2022-05-17,146.5749053955078,258.70428466796875,115.59955596923828,115.36849975585938,253.8699951171875,111.48187255859375,198.6443328857422,160.07305908203125,41.86983871459961,81.62516021728516
2022-05-18,138.3052978515625,246.92556762695312,111.06036376953125,107.11250305175781,236.60333251953125,109.57486724853516,194.73959350585938,157.1011199951172,39.02645492553711,80.33134460449219
2022-05-19,134.8972625732422,246.01202392578125,109.55622863769531,107.31900024414062,236.47332763671875,107.95072174072266,192.18836975097656,155.70469665527344,37.95539855957031,80.76557159423828
2022-05-20,135.13296508789062,245.44837951660156,108.09127807617188,107.59100341796875,221.3000030517578,107.0656509399414,193.8048095703125,158.42593383789062,37.99684524536133,81.40361785888672
2022-05-23,140.5543975830078,253.31053161621094,110.65193939208984,107.55699920654297,224.96665954589844,113.6899642944336,202.11085510253906,161.66026306152344,39.080650329589844,83.20254516601562
2022-05-24,137.85348510742188,252.30958557128906,105.17532348632812,104.0999984741211,209.3866729736328,115.29586029052734,197.31027221679688,163.42605590820312,39.56835174560547,83.65448760986328
2022-05-25,138.01063537597656,255.12794494628906,105.01156616210938,106.7750015258789,219.60000610351562,116.09881591796875,198.488525390625,161.82241821289062,39.326080322265625,85.33821868896484
2022-05-26,141.21237182617188,258.4126892089844,106.98416900634766,111.07749938964844,235.91000366210938,118.1061782836914,203.0748748779297,161.67825317382812,40.164432525634766,85.63951110839844
2022-05-27,146.96775817871094,265.5460510253906,111.47422790527344,115.14649963378906,253.2100067138672,119.77595520019531,207.2911834716797,163.14675903320312,40.954986572265625,86.48136138916016
2022-05-31,146.1820068359375,264.2146301269531,112.90889739990234,120.20950317382812,252.75332641601562,120.65188598632812,206.59982299804688,161.7413330078125,41.00279235839844,85.07237243652344
2022-06-01,146.0543670654297,264.74920654296875,113.03791046142578,121.68399810791016,246.7899932861328,118.53501892089844,204.4186248779297,160.10165405273438,39.98912048339844,86.70291900634766
2022-06-02,148.50973510742188,266.8482971191406,116.74044036865234,125.51100158691406,258.3333435058594,120.44203186035156,209.40423583984375,159.59713745117188,40.64577865600586,86.5522689819336
2022-06-03,142.78382873535156,262.4167785644531,113.68205261230469,122.3499984741211,234.51666259765625,118.76314544677734,207.06723022460938,158.93948364257812,39.94768524169922,87.81062316894531
2022-06-06,143.53024291992188,261.1824951171875,115.94445037841797,124.79000091552734,238.27999877929688,118.37077331542969,207.349609375,158.92147827148438,39.80423355102539,87.58907318115234
2022-06-07,146.0543670654297,264.826904296875,116.27098846435547,123.0,238.8866729736328,118.68102264404297,208.86865234375,160.66925048828125,39.326080322265625,91.60343170166016
2022-06-08,145.31777954101562,262.7957458496094,116.31517028808594,121.18000030517578,241.86666870117188,116.79226684570312,207.89491271972656,159.7142791748047,38.985008239746094,92.68455505371094
2022-06-09,140.0927734375,257.3340148925781,113.97433471679688,116.1500015258789,239.7066650390625,114.33782196044922,200.69894409179688,156.498046875,38.57699203491211,90.68182373046875
2022-06-10,134.68115234375,245.86630249023438,110.32789611816406,109.6500015258789,232.22999572753906,109.08216094970703,194.2721710205078,155.45294189453125,38.79375457763672,89.0246810913086
2022-06-13,129.52491760253906,235.43844604492188,105.59466552734375,103.66999816894531,215.73666381835938,105.8338623046875,187.21249389648438,153.8853302001953,38.063785552978516,84.93943786621094
2022-06-14,130.38919067382812,237.60565185546875,105.91523742675781,102.30999755859375,220.88999938964844,104.07286071777344,188.43946838378906,151.5249786376953,38.079715728759766,85.16097259521484
2022-06-15,133.011474609375,244.6708984375,108.94137573242188,107.66999816894531,233.0,105.3046646118164,191.01011657714844,153.14659118652344,38.05421829223633,84.08870697021484
2022-06-16,127.7374267578125,238.0720977783203,105.23834991455078,103.66000366210938,213.10000610351562,103.49803161621094,184.08682250976562,153.22769165039062,38.44948959350586,80.98712158203125
2022-06-17,129.21063232421875,240.67660522460938,106.34002685546875,106.22000122070312,216.75999450683594,103.13304901123047,185.02159118652344,152.6691436767578,37.70676040649414,76.31700897216797
2022-06-21,133.44369506835938,246.5951690673828,110.70752716064453,108.68000030517578,237.0366668701172,105.68787384033203,189.28663635253906,155.86740112304688,38.94356918334961,81.0668716430664
2022-06-22,132.9329376220703,246.0023193359375,110.65145111083984,108.94999694824219,236.086669921875,105.09480285644531,188.7316131591797,158.32687377929688,38.471797943115234,77.85894012451172
2022-06-23,135.80078125,251.57098388671875,111.4002914428711,112.44000244140625,235.07000732421875,103.94512939453125,191.47755432128906,161.8584442138672,39.405784606933594,75.51058959960938
2022-06-24,139.13027954101562,260.162109375,117.09030151367188,116.45999908447266,245.7066650390625,107.04740142822266,200.1146697998047,164.22787475585938,39.43766403198242,77.00820922851562
2022-06-27,139.13027954101562,257.43115234375,114.96485900878906,113.22000122070312,244.9199981689453,106.1897201538086,198.2158966064453,164.07470703125,39.56516647338867,78.895751953125
2022-06-28,134.98561096191406,249.2580108642578,111.16754150390625,107.4000015258789,232.663330078125,105.67875671386719,192.918701171875,159.40797424316406,39.007328033447266,81.08458709716797
2022-06-29,136.74366760253906,252.93157958984375,110.86384582519531,108.91999816894531,228.49000549316406,105.20428466796875,194.26242065429688,159.4530487060547,38.86387634277344,78.08934783935547
2022-06-30,134.2785186767578,249.59812927246094,108.14588928222656,106.20999908447266,224.47332763671875,102.74983215332031,191.7209930419922,159.9215087890625,38.75550079345703,75.89163208007812
2022-07-01,136.4490203857422,252.27069091796875,107.92207336425781,109.55999755859375,227.26333618164062,104.06373596191406,193.95083618164062,161.7323455810547,39.090206146240234,77.584228515625
2022-07-05,139.03207397460938,255.44862365722656,112.41363525390625,113.5,233.06666564941406,103.66792297363281,195.27516174316406,160.4890899658203,39.606605529785156,75.15611267089844
2022-07-06,140.3677520751953,258.7140197753906,113.71281433105469,114.33000183105469,231.73333740234375,102.99594116210938,195.83995056152344,160.63323974609375,39.887115478515625,73.8002700805664
2022-07-07,143.73655700683594,260.8422546386719,117.89222717285156,116.33000183105469,244.5433349609375,105.60099029541016,197.4758758544922,160.8134002685547,39.94768524169922,76.1574935913086
2022-07-08,144.4141845703125,260.1231994628906,118.45846557617188,115.54000091552734,250.76333618164062,105.26961517333984,198.22560119628906,160.6151885986328,39.97317886352539,76.28154754638672
2022-07-11,142.282958984375,257.0619201660156,114.80902862548828,111.75,234.3433380126953,103.88883972167969,199.67649841308594,160.67828369140625,39.98912048339844,75.89163208007812
2022-07-12,143.25527954101562,246.52711486816406,113.16545104980469,109.22000122070312,233.07000732421875,103.99009704589844,199.44281005859375,158.42596435546875,39.86799240112305,74.88140869140625
2022-07-13,142.89187622070312,245.60386657714844,110.5184555053711,110.4000015258789,237.0399932861328,103.01435089111328,198.7903594970703,158.05661010742188,39.963619232177734,75.18270874023438
2022-07-14,145.81866455078125,246.92556762695312,109.53984832763672,110.62999725341797,238.31333923339844,99.41516876220703,200.504150390625,158.27279663085938,40.74460220336914,73.67620086669922
2022-07-15,147.48829650878906,249.49127197265625,110.93927001953125,113.55000305175781,240.06666564941406,103.97168731689453,204.5257568359375,160.57012939453125,41.14304733276367,74.9168472290039
2022-07-18,144.44369506835938,247.09078979492188,108.2123794555664,113.76000213623047,240.54666137695312,102.90389251708984,201.77005004882812,156.9664764404297,41.04742431640625,76.29927062988281
2022-07-19,148.30343627929688,252.2220916748047,112.95652770996094,118.20999908447266,245.52999877929688,105.45369720458984,208.0507049560547,154.6781463623047,41.29924774169922,78.2222671508789
2022-07-20,150.30702209472656,254.88494873046875,113.04585266113281,122.7699966430664,247.5,105.43528747558594,207.76834106445312,153.79525756835938,41.64351272583008,79.08185577392578
2022-07-21,152.57579040527344,257.3825988769531,113.48255157470703,124.62999725341797,271.7066650390625,106.1532974243164,210.51426696777344,154.33580017089844,42.25236129760742,77.76144409179688
2022-07-22,151.33831787109375,253.02874755859375,107.09085083007812,122.41999816894531,272.24334716796875,105.63780975341797,208.0896759033203,155.06553649902344,42.143978118896484,77.167724609375
2022-07-25,150.21864318847656,251.54185485839844,106.70378112792969,121.13999938964844,268.4333190917969,106.06124877929688,208.64471435546875,155.3719024658203,42.08341598510742,79.73761749267578
2022-07-26,148.8927459716797,244.8069610595703,104.23245239257812,114.80999755859375,258.8599853515625,104.40430450439453,206.91143798828125,156.4709930419922,38.88300704956055,79.42745971679688
2022-07-27,153.9900665283203,261.1727600097656,112.212158203125,120.97000122070312,274.82000732421875,106.07965087890625,204.94448852539062,156.03855895996094,40.35251235961914,81.14663696289062
2022-07-28,154.54010009765625,268.6268310546875,113.36345672607422,122.27999877929688,280.8999938964844,105.68384552001953,205.80137634277344,156.939453125,41.35981750488281,82.09483337402344
2022-07-29,159.60791015625,272.8348693847656,115.44770812988281,134.9499969482422,297.1499938964844,106.19013214111328,206.5414276123047,157.227783203125,42.092979431152344,85.89649963378906
2022-08-01,158.62579345703125,270.18182373046875,113.99864959716797,135.38999938964844,297.27667236328125,105.13152313232422,205.8111114501953,156.67819213867188,42.24917221069336,83.72539520263672
2022-08-02,157.152587890625,267.0815734863281,114.2666244506836,134.16000366210938,300.586669921875,103.49302673339844,200.84498596191406,155.78628540039062,42.29378890991211,83.362060546875
2022-08-03,163.16326904296875,274.51611328125,117.19450378417969,139.52000427246094,307.39666748046875,104.5792236328125,203.00668334960938,157.2908172607422,41.5988883972168,80.65923309326172
2022-08-04,162.84898376464844,275.6629333496094,117.30369567871094,142.57000732421875,308.6333312988281,103.42858123779297,207.86570739746094,154.7682342529297,40.027366638183594,77.26520538330078
2022-08-05,162.62281799316406,274.94378662109375,116.58908081054688,140.8000030517578,288.1700134277344,106.5583267211914,210.20269775390625,154.1556396484375,40.349327087402344,78.38178253173828
2022-08-08,162.1507110595703,272.4267272949219,116.42037200927734,139.41000366210938,290.42333984375,105.26038360595703,207.7196502685547,153.33580017089844,40.67765808105469,78.82487487792969
2022-08-09,162.1998748779297,274.3509216308594,115.75537872314453,137.8300018310547,283.3333435058594,106.20851135253906,204.73995971679688,153.31776428222656,41.07929611206055,80.27818298339844
2022-08-10,166.44863891601562,281.01776123046875,118.80236053466797,142.69000244140625,294.3566589355469,108.979248046875,206.5316619873047,153.7592010498047,41.16536331176758,81.04029083251953
2022-08-11,165.71104431152344,278.93804931640625,117.94879913330078,140.63999938964844,286.6300048828125,110.59014892578125,205.90248107910156,150.5789794921875,41.562355041503906,83.38461303710938
2022-08-12,169.261474609375,283.6903381347656,120.76751708984375,143.5500030517578,300.0299987792969,112.4219741821289,206.14634704589844,148.9213409423828,42.33073043823242,84.10939025878906
2022-08-15,170.33349609375,285.2064208984375,121.16450500488281,143.17999267578125,309.32000732421875,112.72573852539062,211.11151123046875,149.63304138183594,42.4523811340332,82.60614776611328
2022-08-16,170.17613220214844,284.4678649902344,120.78736877441406,144.77999877929688,306.5633239746094,113.802734375,211.81385803222656,150.9663848876953,44.61982345581055,81.83665466308594
2022-08-17,171.6710662841797,283.7179260253906,118.65349578857422,142.10000610351562,303.9966735839844,112.84540557861328,209.25811767578125,150.9753875732422,44.667850494384766,82.498779296875
2022-08-18,171.27764892578125,282.597900390625,119.26883697509766,142.3000030517578,302.8699951171875,111.97091674804688,209.97023010253906,150.24566650390625,44.523773193359375,84.44939422607422
2022-08-19,168.6910400390625,278.6828308105469,116.3310317993164,138.22999572753906,296.6666564941406,109.2001724243164,207.59983825683594,152.53396606445312,43.86746597290039,84.18098449707031
2022-08-22,164.80621337890625,270.50201416015625,113.38330841064453,133.22000122070312,289.913330078125,107.39598083496094,203.4930877685547,151.9988555908203,43.08308029174805,84.11833953857422
2022-08-23,164.4718017578125,269.2261657714844,113.00616455078125,133.6199951171875,296.4533386230469,106.33738708496094,201.72747802734375,150.67469787597656,42.90058898925781,87.68851470947266
2022-08-24,164.76686096191406,268.59320068359375,112.83743286132812,133.8000030517578,297.0966796875,106.59513854980469,201.6006622314453,150.1758575439453,43.211151123046875,88.20748138427734
2022-08-25,167.22560119628906,271.5733642578125,115.77523040771484,137.27999877929688,296.07000732421875,109.12654876708984,204.6733856201172,151.5816650390625,43.499290466308594,88.66381072998047
2022-08-26,160.9213104248047,261.0941467285156,109.51254272460938,130.75,288.0899963378906,105.5549545288086,197.9133758544922,148.98773193359375,42.132232666015625,87.57220458984375
2022-08-29,158.71824645996094,258.3088073730469,108.59944915771484,129.7899932861328,284.82000732421875,105.2972183227539,197.3671112060547,147.83590698242188,42.542022705078125,89.58544158935547
2022-08-30,156.28900146484375,256.10772705078125,108.12305450439453,128.72999572753906,277.70001220703125,105.31563568115234,196.4404296875,147.31890869140625,42.41395950317383,86.17632293701172
2022-08-31,154.62686157226562,254.64683532714844,107.40845489501953,126.7699966430664,275.6099853515625,104.68968200683594,193.83592224121094,146.33030700683594,42.43637466430664,85.5320816040039
2022-09-01,155.3546600341797,253.6048126220703,108.91705322265625,127.81999969482422,277.1600036621094,105.40769958496094,195.2211151123047,149.95819091796875,43.05427169799805,83.9930648803711
2022-09-02,153.24014282226562,249.37803649902344,107.04122161865234,127.51000213623047,270.2099914550781,104.67127227783203,192.90921020507812,147.60008239746094,42.580440521240234,85.5320816040039
2022-09-06,151.98123168945312,246.641357421875,106.00902557373047,126.11000061035156,274.4200134277344,104.69889068603516,193.76763916015625,147.9991455078125,42.369144439697266,84.95942687988281
2022-09-07,153.38768005371094,251.3550567626953,108.62922668457031,129.47999572753906,283.70001220703125,106.68720245361328,195.50396728515625,148.8063507080078,43.457664489746094,84.23464965820312
2022-09-08,151.91241455078125,251.77378845214844,107.56725311279297,129.82000732421875,289.260009765625,109.17256927490234,195.78688049316406,150.0035400390625,43.678565979003906,84.92364501953125
2022-09-09,154.77438354492188,257.558837890625,109.82022857666016,133.27000427246094,299.67999267578125,109.697265625,200.166748046875,150.29376220703125,43.80983352661133,86.34632110595703
2022-09-12,160.7344207763672,259.69171142578125,110.02864837646484,136.4499969482422,304.4200134277344,110.99517822265625,201.5616912841797,150.23028564453125,44.20362091064453,87.33954620361328
2022-09-13,151.30264282226562,245.4142608642578,103.5376968383789,126.81999969482422,292.1300048828125,107.13824462890625,194.7723846435547,146.32127380371094,43.29118728637695,85.29944610595703
2022-09-14,152.74839782714844,245.63824462890625,104.21259307861328,128.5500030517578,302.6099853515625,106.88971710205078,194.51873779296875,149.34146118164062,43.19514083862305,87.39322662353516
2022-09-15,149.8568572998047,238.9767608642578,102.13827514648438,126.27999877929688,303.75,108.5005874633789,190.57781982421875,149.72238159179688,42.73092269897461,84.85206604003906
2022-09-16,148.2144317626953,238.35342407226562,102.02909851074219,123.52999877929688,303.3500061035156,107.77339172363281,188.55860900878906,152.00796508789062,42.641273498535156,83.40251922607422
2022-09-19,151.93209838867188,238.13919067382812,102.29706573486328,124.66000366210938,309.07000732421875,108.7675552368164,188.39279174804688,150.81076049804688,43.006248474121094,83.39353942871094
2022-09-20,154.31219482421875,236.12319946289062,100.38154602050781,122.19000244140625,308.7300109863281,106.62275695800781,187.3588104248047,149.62261962890625,42.75653076171875,82.71353149414062
2022-09-21,151.1846160888672,232.7145538330078,98.5354995727539,118.54000091552734,300.79998779296875,103.54826354980469,182.43264770507812,148.08981323242188,43.14711380004883,81.38031005859375
2022-09-22,150.22079467773438,234.69155883789062,99.3890380859375,117.30999755859375,288.5899963378906,102.36998748779297,181.2328338623047,150.72003173828125,42.705299377441406,81.04029846191406
2022-09-23,147.94888305664062,231.71139526367188,97.99954223632812,113.77999877929688,275.3299865722656,100.46453094482422,179.44772338867188,151.20982360839844,41.639190673828125,76.72744750976562
2022-09-26,148.28330993652344,231.253662109375,97.43382263183594,115.1500015258789,276.010009765625,98.30133819580078,176.16038513183594,150.28468322753906,42.039390563964844,75.14368438720703
2022-09-27,149.2569580078125,230.2407989501953,96.76882934570312,114.41000366210938,282.94000244140625,97.43605041503906,173.50709533691406,149.59539794921875,41.924129486083984,76.71849060058594
2022-09-28,147.3685760498047,234.77920532226562,99.29971313476562,118.01000213623047,287.80999755859375,99.40594482421875,174.78497314453125,150.88327026367188,42.615657806396484,79.51022338867188
2022-09-29,140.13002014160156,231.30238342285156,96.68943786621094,114.80000305175781,268.2099914550781,97.72142791748047,175.64334106445312,149.22357177734375,42.34033203125,79.34915924072266
2022-09-30,135.9205780029297,226.82237243652344,94.9327163696289,113.0,265.25,96.19337463378906,173.29248046875,148.16241455078125,41.52394104003906,78.12330627441406
2022-10-03,140.10047912597656,234.4578094482422,97.9002914428711,115.87999725341797,242.39999389648438,99.1666259765625,177.19435119628906,148.01727294921875,42.42996597290039,82.24822998046875
2022-10-04,143.6903076171875,242.38543701171875,100.87779235839844,121.08999633789062,249.44000244140625,103.80599212646484,181.0962677001953,150.21214294433594,42.98064041137695,85.2457504272461
2022-10-05,143.98532104492188,242.69703674316406,100.66937255859375,120.94999694824219,240.80999755859375,102.5243148803711,183.0667266845703,149.74960327148438,42.55483627319336,88.690673828125
2022-10-06,143.03134155273438,240.34996032714844,100.6594467163086,120.30000305175781,238.1300048828125,100.43463897705078,181.03775024414062,146.84730529785156,42.1578369140625,91.3213119506836
2022-10-07,137.77943420410156,228.12744140625,97.93998718261719,114.55999755859375,223.07000732421875,98.42855072021484,179.32089233398438,145.29637145996094,41.158966064453125,90.39969635009766
2022-10-10,138.10400390625,223.2676544189453,97.12613677978516,113.66999816894531,222.9600067138672,97.50909423828125,177.7113494873047,145.48684692382812,41.40227508544922,88.44012451171875
2022-10-11,136.68771362304688,219.52783203125,96.45124053955078,112.20999908447266,216.5,94.69498443603516,174.7459716796875,147.59097290039062,42.474796295166016,87.68851470947266
2022-10-12,136.0582733154297,219.85899353027344,96.82837677001953,112.9000015258789,217.24000549316406,96.22742462158203,173.8680419921875,147.55471801757812,41.99456024169922,88.07327270507812
2022-10-13,140.63160705566406,228.12744140625,98.31714630126953,112.52999877929688,221.72000122070312,101.5770034790039,180.1305694580078,149.78587341308594,42.34993362426758,91.15131378173828
2022-10-14,136.0976104736328,222.59567260742188,95.83588409423828,106.9000015258789,204.99000549316406,103.26731872558594,178.14056396484375,149.1601104736328,41.75764465332031,88.75330352783203
2022-10-17,140.06117248535156,231.33160400390625,99.2203140258789,113.79000091552734,219.35000610351562,107.60456848144531,180.7061004638672,151.09188842773438,42.058589935302734,90.03282928466797
2022-10-18,141.37904357910156,232.27626037597656,100.0143051147461,116.36000061035156,220.19000244140625,110.37223052978516,182.5789794921875,150.56590270996094,42.94542694091797,90.19390106201172
2022-10-19,141.48721313476562,230.30897521972656,98.88286590576172,115.06999969482422,222.0399932861328,108.208251953125,181.8376007080078,149.36866760253906,42.82376480102539,92.8692855834961
2022-10-20,141.02499389648438,229.98757934570312,99.2203140258789,115.25,207.27999877929688,107.8553237915039,182.6277618408203,149.74960327148438,42.929412841796875,92.99455261230469
2022-10-21,144.84100341796875,235.80181884765625,100.37161254882812,119.31999969482422,214.44000244140625,113.52069854736328,185.7004852294922,153.01470947265625,43.797027587890625,94.72148132324219
2022-10-24,146.98504638671875,240.79794311523438,101.7511978149414,119.81999969482422,211.25,113.65999603271484,186.0321807861328,155.07350158691406,44.632625579833984,95.38362121582031
2022-10-25,149.82740783691406,244.1189422607422,103.6965103149414,120.5999984741211,222.4199981689453,113.95718383789062,189.61212158203125,154.82861328125,44.84392547607422,94.73938751220703
2022-10-26,146.88671875,225.28366088867188,94.21810913085938,115.66000366210938,224.63999938964844,115.26671600341797,198.3426055908203,156.18905639648438,45.186492919921875,95.86680603027344
2022-10-27,142.4117431640625,220.8328857421875,91.5284423828125,110.95999908447266,225.08999633789062,115.72180938720703,199.279052734375,156.27975463867188,45.05523681640625,96.2336654663086
2022-10-28,153.17129516601562,229.71487426757812,95.56790924072266,103.41000366210938,228.52000427246094,117.09635162353516,204.20518493652344,158.60159301757812,45.62510299682617,99.0522232055664
2022-10-31,150.81088256835938,226.07254028320312,93.80126953125,102.44000244140625,227.5399932861328,116.91059875488281,202.07864379882812,157.78533935546875,45.56747817993164,99.15064239501953
2022-11-01,148.1652374267578,222.21583557128906,89.79155731201172,96.79000091552734,227.82000732421875,119.01885986328125,201.85427856445312,156.98719787597656,45.362579345703125,100.13491821289062
2022-11-02,142.63795471191406,214.35646057128906,86.31781005859375,92.12000274658203,214.97999572753906,117.9229507446289,196.02096557617188,154.5746612548828,45.06163787841797,98.07691192626953
2022-11-03,136.58938598632812,208.65908813476562,82.80435180664062,89.30000305175781,215.30999755859375,118.13655853271484,189.97303771972656,154.8376922607422,45.052032470703125,99.4101333618164
2022-11-04,136.32337951660156,215.6127471923828,85.93073272705078,90.9800033569336,207.47000122070312,121.36858367919922,192.14834594726562,155.5269775390625,45.1320686340332,100.4928207397461
2022-11-07,136.8553466796875,221.92364501953125,87.82640075683594,90.52999877929688,197.0800018310547,122.00941467285156,195.19183349609375,156.88742065429688,45.60589599609375,101.68289947509766
2022-11-08,137.42672729492188,222.8975372314453,88.23332977294922,89.9800033569336,191.3000030517578,122.083740234375,196.83062744140625,157.6674346923828,45.714752197265625,102.00501251220703
2022-11-09,132.8655548095703,218.65135192871094,86.6651840209961,86.13999938964844,177.58999633789062,120.49557495117188,189.59597778320312,156.40673828125,44.65184020996094,97.44161987304688
2022-11-10,144.68719482421875,236.63937377929688,93.23554229736328,96.62999725341797,190.72000122070312,125.45506286621094,200.9758758544922,158.23880004882812,45.57708740234375,98.8732681274414
2022-11-11,147.47515869140625,240.66160583496094,95.68701171875,100.79000091552734,195.97000122070312,125.6594009399414,200.4185791015625,153.50445556640625,45.64752197265625,101.96025848388672
2022-11-14,146.0762481689453,235.2466583251953,94.98233795166016,98.48999786376953,190.9499969482422,124.36843872070312,202.23703002929688,155.9169921875,44.306068420410156,102.25792694091797
2022-11-15,147.8101043701172,235.65574645996094,97.70178985595703,98.94000244140625,194.4199981689453,123.46754455566406,205.29708862304688,156.3523406982422,47.20346450805664,102.94342803955078
2022-11-16,146.57867431640625,236.08543395996094,98.10871124267578,97.12000274658203,186.9199981689453,123.63473510742188,205.44374084472656,157.32278442382812,47.54282760620117,101.84300994873047
2022-11-17,148.47998046875,236.03660583496094,97.62239837646484,94.8499984741211,183.1699981689453,123.09603881835938,206.2747039794922,158.59251403808594,47.38275146484375,101.97830200195312
2022-11-18,149.04153442382812,235.5873565673828,96.69937133789062,94.13999938964844,180.19000244140625,124.30342864990234,206.0889892578125,159.8079071044922,48.09669494628906,101.09435272216797
2022-11-21,145.8102569580078,236.39797973632812,94.88308715820312,92.45999908447266,167.8699951171875,123.56971740722656,201.70909118652344,160.62940979003906,48.3912353515625,100.09315490722656
2022-11-22,147.94801330566406,239.3083953857422,96.32222747802734,93.19999694824219,169.91000366210938,125.41793060302734,205.62948608398438,161.4053497314453,48.56411361694336,102.98854064941406
2022-11-23,148.82479858398438,241.79885864257812,97.72164154052734,94.12999725341797,183.1999969482422,126.75531005859375,206.99815368652344,161.57875061035156,48.79783630371094,102.47439575195312
2022-11-25,145.90878295898438,241.7109375,96.72913360595703,93.41000366210938,182.86000061035156,126.996826171875,209.0121612548828,161.78871154785156,49.00593566894531,102.11359405517578
2022-11-28,142.0766143798828,236.11473083496094,95.3297119140625,93.94999694824219,182.9199981689453,124.77709197998047,206.5386962890625,161.87086486816406,49.14679718017578,99.04684448242188
2022-11-29,139.07192993164062,234.71815490722656,94.47616577148438,92.41999816894531,180.8300018310547,126.82962036132812,204.3878631591797,160.7389373779297,48.973915100097656,99.70530700683594
2022-11-30,145.82997131347656,249.1823272705078,100.232666015625,96.54000091552734,194.6999969482422,128.3341827392578,212.15042114257812,162.48245239257812,48.79783630371094,100.42689514160156
2022-12-01,146.10581970214844,248.74281311035156,100.232666015625,95.5,194.6999969482422,126.53240203857422,212.15042114257812,163.15797424316406,49.10197448730469,99.93980407714844
2022-12-02,145.61326599121094,249.06512451171875,99.68679809570312,94.12999725341797,194.86000061035156,125.52938079833984,212.7957000732422,163.28575134277344,49.053955078125,99.0919418334961
2022-12-05,144.45077514648438,244.357666015625,98.73400115966797,91.01000213623047,182.4499969482422,122.00941467285156,208.90460205078125,163.19444274902344,48.55131530761719,96.3769760131836
2022-12-06,140.7860565185547,239.3962860107422,96.25274658203125,88.25,179.82000732421875,122.21375274658203,204.4074249267578,160.74807739257812,47.98784637451172,93.69808197021484
2022-12-07,138.84536743164062,238.66378784179688,94.2280502319336,88.45999908447266,174.0399932861328,122.13015747070312,203.16578674316406,161.72479248046875,47.738121032714844,93.49063873291016
2022-12-08,140.52993774414062,241.623046875,93.00726318359375,90.3499984741211,173.44000244140625,123.41182708740234,204.42698669433594,161.752197265625,47.81203079223633,94.1851577758789
2022-12-09,140.0471954345703,239.68927001953125,92.13386535644531,89.08999633789062,179.0500030517578,122.74314880371094,204.03587341308594,160.41944885253906,46.69691467285156,93.39141845703125
2022-12-12,142.3425750732422,246.61370849609375,92.61026000976562,90.55000305175781,167.82000732421875,124.6470718383789,209.79428100585938,162.33639526367188,47.56781005859375,95.69146728515625
2022-12-13,143.30801391601562,250.92076110839844,94.9128646850586,92.48999786376953,160.9499969482422,124.52633666992188,208.27891540527344,163.5869598388672,47.39748764038086,96.7377700805664
2022-12-14,141.08163452148438,251.21377563476562,94.35706329345703,91.58000183105469,156.8000030517578,123.904052734375,208.5526580810547,164.08900451660156,47.13396453857422,96.02520751953125
2022-12-15,134.47132873535156,243.19544982910156,90.17863464355469,88.44999694824219,157.6699981689453,120.82992553710938,203.2635498046875,162.01690673828125,46.712989807128906,95.1052017211914
2022-12-16,132.51087951660156,238.97633361816406,89.5831298828125,87.86000061035156,150.22999572753906,120.07762908935547,202.26632690429688,160.35552978515625,45.87422180175781,94.43770599365234
2022-12-19,130.40269470214844,234.8353271484375,87.77677917480469,84.91999816894531,149.8699951171875,120.79276275634766,200.24264526367188,160.18211364746094,45.89029312133789,94.86164855957031
2022-12-20,130.33375549316406,236.15380859375,88.35243225097656,85.19000244140625,137.8000030517578,121.37788391113281,200.7705841064453,160.35552978515625,46.2920036315918,96.232666015625
2022-12-21,133.4369354248047,238.72238159179688,88.9082260131836,86.7699966430664,137.57000732421875,122.74314880371094,202.1881561279297,162.1903533935547,46.6551399230957,97.4683837890625
2022-12-22,130.26478576660156,232.62808227539062,87.10188293457031,83.79000091552734,125.3499984741211,121.35000610351562,200.47727966308594,161.5970001220703,46.108829498291016,95.50205993652344
2022-12-23,129.90028381347656,233.15550231933594,88.56086730957031,85.25,123.1500015258789,121.92584228515625,201.2300567626953,162.00775146484375,46.20201873779297,98.02761840820312
2022-12-27,128.09747314453125,231.4268035888672,86.73464965820312,83.04000091552734,109.0999984741211,122.35305786132812,201.67974853515625,161.9621124267578,46.214874267578125,99.38961029052734
2022-12-28,124.16677856445312,229.05355834960938,85.37492370605469,81.81999969482422,112.70999908447266,123.0217514038086,200.40882873535156,161.25924682617188,45.40504455566406,97.75701904296875
2022-12-29,127.68372344970703,235.38223266601562,87.78668975830078,84.18000030517578,121.81999969482422,123.72762298583984,203.41021728515625,162.08082580566406,45.68141174316406,98.49663543701172
2022-12-30,127.99893951416016,234.22006225585938,87.568359375,84.0,123.18000030517578,124.54490661621094,203.1168975830078,161.25010681152344,45.56572723388672,99.48883819580078
